Start Date;End Date;Portfolio name;Currency;Campaign Name;Ad Group Name;Targeting;Match Type;Customer Search Term;Impressions;Clicks;Click-Thru Rate (CTR);Cost Per Click (CPC);Spend;7 Day Total Sales ;Total Advertising Cost of Sales (ACoS) ;Total Return on Advertising Spend (RoAS);7 Day Total Orders (#);7 Day Total Units (#);7 Day Conversion Rate;7 Day Advertised SKU Units (#);7 Day Other SKU Units (#);7 Day Advertised SKU Sales ;7 Day Other SKU Sales 
2019-10-29;2019-10-29;Not grouped;EUR;Lazy Zola Launch;Toothbrush;bambus zahnbürste;BROAD;zahnburste bambus;18;1;5,5556%;€ 0,68;€ 0,68;€ 0,00;;0,00;0;0;0,0000%;0;0;€ 0,00;€ 0,00
2019-10-21;2019-10-21;Not grouped;EUR;Lazy Zola Launch;Toothbrush;bambus zahnbürste;EXACT;bambus zahnbürsten;127;1;0,7874%;€ 0,39;€ 0,39;€ 0,00;;0,00;0;0;0,0000%;0;0;€ 0,00;€ 0,00
2019-10-30;2019-10-30;Not grouped;EUR;Lazy Zola Launch;Toothbrush;holz zahnbürste;BROAD;zahnbürste holz;44;1;2,2727%;€ 0,46;€ 0,46;€ 0,00;;0,00;0;0;0,0000%;0;0;€ 0,00;€ 0,00
2019-10-30;2019-10-30;Not grouped;EUR;Lazy Zola Launch;Toothbrush;holz zahnbürste;BROAD;zahnbürsten holz weic;1;1;100,0000%;€ 0,45;€ 0,45;€ 0,00;;0,00;0;0;0,0000%;0;0;€ 0,00;€ 0,00
2019-10-21;2019-10-21;Not grouped;EUR;Lazy Zola Launch;Toothbrush;holz zahnbürste;PHRASE;extra weiche holz zahnbürste;1;1;100,0000%;€ 0,61;€ 0,61;€ 0,00;;0,00;0;0;0,0000%;0;0;€ 0,00;€ 0,00
2019-10-29;2019-10-29;Not grouped;EUR;Lazy Zola Launch;Toothbrush;nachhaltig zahnburst;EXACT;nachhaltige zahnbürste;1;1;100,0000%;€ 0,27;€ 0,27;€ 0,00;;0,00;0;0;0,0000%;0;0;€ 0,00;€ 0,00
2019-10-29;2019-10-29;Not grouped;EUR;Lazy Zola Launch;Toothbrush;bambus zahnburst;EXACT;bambus zahnbürste;25;1;4,0000%;€ 0,63;€ 0,63;€ 0,00;;0,00;0;0;0,0000%;0;0;€ 0,00;€ 0,00
2019-10-22;2019-10-30;Not grouped;EUR;Lazy Zola Launch;Toothbrush;bambus zahnburst;EXACT;bambus zahnbürsten;1074;3;0,2793%;€ 0,76;€ 2,27;€ 0,00;;0,00;0;0;0,0000%;0;0;€ 0,00;€ 0,00
2019-11-01;2019-11-01;Not grouped;EUR;Lazy Zola Launch;Toothbrush;nachhaltig;EXACT;nachhaltig;24;1;4,1667%;€ 0,13;€ 0,13;€ 0,00;;0,00;0;0;0,0000%;0;0;€ 0,00;€ 0,00
2019-11-01;2019-11-01;Not grouped;EUR;Lazy Zola Launch;Toothbrush;bambus zahnbürsten;PHRASE;bambus zahnbürsten soft;2;1;50,0000%;€ 0,68;€ 0,68;€ 0,00;;0,00;0;0;0,0000%;0;0;€ 0,00;€ 0,00
2019-11-01;2019-11-01;Not grouped;EUR;Lazy Zola Launch;Toothbrush;zahnburst holz;PHRASE;zahnbürsten holz etui;1;1;100,0000%;€ 0,72;€ 0,72;€ 0,00;;0,00;0;0;0,0000%;0;0;€ 0,00;€ 0,00
2019-11-27;2019-11-27;Not grouped;EUR;Lazy Zola Manual;Broad;bambus zahnbürsten;BROAD;amazon zahnbürste bambus;1;1;100,0000%;€ 0,59;€ 0,59;€ 5,87;10,0511%;9,95;1;1;100,0000%;1;0;€ 5,87;€ 0,00
2019-12-12;2019-12-12;Not grouped;EUR;Lazy Zola Manual;Broad;bambus zahnbürsten;BROAD;baby zahnbürste bambus;2;1;50,0000%;€ 0,37;€ 0,37;€ 0,00;;0,00;0;0;0,0000%;0;0;€ 0,00;€ 0,00
2019-12-13;2019-12-13;Not grouped;EUR;Lazy Zola Manual;Broad;bambus zahnbürsten;BROAD;bambus viskose zahnbürste;1;1;100,0000%;€ 0,66;€ 0,66;€ 0,00;;0,00;0;0;0,0000%;0;0;€ 0,00;€ 0,00
2019-11-20;2019-11-20;Not grouped;EUR;Lazy Zola Manual;Broad;bambus zahnbürsten;BROAD;bambus zahnbürste soft;2;1;50,0000%;€ 0,99;€ 0,99;€ 0,00;;0,00;0;0;0,0000%;0;0;€ 0,00;€ 0,00
2019-11-18;2019-11-18;Not grouped;EUR;Lazy Zola Manual;Broad;bambus zahnbürsten;BROAD;bambus zahnbürsten box;21;1;4,7619%;€ 0,86;€ 0,86;€ 0,00;;0,00;0;0;0,0000%;0;0;€ 0,00;€ 0,00
2019-11-19;2019-11-19;Not grouped;EUR;Lazy Zola Manual;Broad;bambus zahnbürsten;BROAD;bambus zahnbürsten hart;12;1;8,3333%;€ 1,00;€ 1,00;€ 0,00;;0,00;0;0;0,0000%;0;0;€ 0,00;€ 0,00
2019-11-18;2019-11-19;Not grouped;EUR;Lazy Zola Manual;Broad;bambus zahnbürsten;BROAD;bambus zahnbürsten weich;41;3;7,3171%;€ 0,80;€ 2,39;€ 0,00;;0,00;0;0;0,0000%;0;0;€ 0,00;€ 0,00
2019-11-10;2019-11-10;Not grouped;EUR;Lazy Zola Manual;Broad;bambus zahnbürsten;BROAD;colgate zahnbürsten bambus;1;1;100,0000%;€ 0,43;€ 0,43;€ 0,00;;0,00;0;0;0,0000%;0;0;€ 0,00;€ 0,00
2019-11-23;2019-11-23;Not grouped;EUR;Lazy Zola Manual;Broad;bambus zahnbürsten;BROAD;elektrische zahnbürste bambus;2;1;50,0000%;€ 0,71;€ 0,71;€ 0,00;;0,00;0;0;0,0000%;0;0;€ 0,00;€ 0,00
2019-11-19;2019-11-19;Not grouped;EUR;Lazy Zola Manual;Broad;bambus zahnbürsten;BROAD;hydrophil bambus zahnbürste;3;1;33,3333%;€ 0,65;€ 0,65;€ 0,00;;0,00;0;0;0,0000%;0;0;€ 0,00;€ 0,00
2019-11-26;2019-11-26;Not grouped;EUR;Lazy Zola Manual;Broad;bambus zahnbürsten;BROAD;tepe zahnbürsten bambus;1;1;100,0000%;€ 0,65;€ 0,65;€ 0,00;;0,00;0;0;0,0000%;0;0;€ 0,00;€ 0,00
2019-11-13;2019-11-20;Not grouped;EUR;Lazy Zola Manual;Broad;bambus zahnbürsten;BROAD;zahnburste bambus;61;2;3,2787%;€ 0,91;€ 1,81;€ 0,00;;0,00;0;0;0,0000%;0;0;€ 0,00;€ 0,00
2019-11-09;2019-11-27;Not grouped;EUR;Lazy Zola Manual;Broad;bambus zahnbürsten;BROAD;zahnbürste bambus;502;15;2,9880%;€ 0,87;€ 13,07;€ 39,42;33,1558%;3,02;5;6;33,3333%;6;0;€ 39,42;€ 0,00
2019-11-14;2019-11-14;Not grouped;EUR;Lazy Zola Manual;Broad;bambus zahnbürsten;BROAD;zahnbürste bambus 10 pack;1;1;100,0000%;€ 0,64;€ 0,64;€ 0,00;;0,00;0;0;0,0000%;0;0;€ 0,00;€ 0,00
2019-11-11;2019-11-19;Not grouped;EUR;Lazy Zola Manual;Broad;bambus zahnbürsten;BROAD;zahnbürste bambus hart;16;2;12,5000%;€ 0,79;€ 1,57;€ 0,00;;0,00;0;0;0,0000%;0;0;€ 0,00;€ 0,00
2019-11-17;2019-11-17;Not grouped;EUR;Lazy Zola Manual;Broad;bambus zahnbürsten;BROAD;zahnbürste bambus medium;1;1;100,0000%;€ 0,63;€ 0,63;€ 0,00;;0,00;0;0;0,0000%;0;0;€ 0,00;€ 0,00
2019-11-21;2019-11-23;Not grouped;EUR;Lazy Zola Manual;Broad;bambus zahnbürsten;BROAD;zahnbürste bambus mittel;108;4;3,7037%;€ 1,01;€ 4,03;€ 5,87;68,6542%;1,46;1;1;25,0000%;1;0;€ 5,87;€ 0,00
2019-11-24;2019-11-24;Not grouped;EUR;Lazy Zola Manual;Broad;bambus zahnbürsten;BROAD;zahnbürste bambus pack bestseller;2;1;50,0000%;€ 0,70;€ 0,70;€ 0,00;;0,00;0;0;0,0000%;0;0;€ 0,00;€ 0,00
2019-11-29;2019-11-29;Not grouped;EUR;Lazy Zola Manual;Broad;bambus zahnbürsten;BROAD;zahnbürste bambus reise;2;1;50,0000%;€ 0,62;€ 0,62;€ 5,87;10,5622%;9,47;1;1;100,0000%;1;0;€ 5,87;€ 0,00
2019-11-11;2019-11-21;Not grouped;EUR;Lazy Zola Manual;Broad;bambus zahnbürsten;BROAD;zahnbürste bambus weich;10;2;20,0000%;€ 0,78;€ 1,56;€ 5,87;26,5758%;3,76;1;1;50,0000%;1;0;€ 5,87;€ 0,00
2019-11-26;2019-11-26;Not grouped;EUR;Lazy Zola Manual;Broad;bambus zahnbürsten;BROAD;zahnbürste bambus weich einzeln;3;1;33,3333%;€ 0,42;€ 0,42;€ 0,00;;0,00;0;0;0,0000%;0;0;€ 0,00;€ 0,00
2019-11-20;2019-11-20;Not grouped;EUR;Lazy Zola Manual;Broad;bambus zahnbürsten;BROAD;zahnbürste bambus weich mit erui;2;1;50,0000%;€ 0,92;€ 0,92;€ 0,00;;0,00;0;0;0,0000%;0;0;€ 0,00;€ 0,00
2019-11-18;2019-11-18;Not grouped;EUR;Lazy Zola Manual;Broad;bambus zahnbürsten;BROAD;zahnbürste set bambus;1;1;100,0000%;€ 0,93;€ 0,93;€ 6,71;13,8599%;7,22;1;1;100,0000%;1;0;€ 6,71;€ 0,00
2019-11-20;2019-11-20;Not grouped;EUR;Lazy Zola Manual;Broad;bambus zahnbürsten;BROAD;zahnbürsten aus bambus;5;1;20,0000%;€ 0,67;€ 0,67;€ 0,00;;0,00;0;0;0,0000%;0;0;€ 0,00;€ 0,00
2019-11-22;2019-11-23;Not grouped;EUR;Lazy Zola Manual;Broad;bambus zahnbürsten;BROAD;zahnbürsten bambus;34;2;5,8824%;€ 1,11;€ 2,22;€ 5,87;37,8194%;2,64;1;1;50,0000%;1;0;€ 5,87;€ 0,00
2019-11-12;2019-12-07;Not grouped;EUR;Lazy Zola Manual;Broad;zahnbürste holz;EXACT;zahnbürste aus holz;19;4;21,0526%;€ 0,55;€ 2,21;€ 0,00;;0,00;0;0;0,0000%;0;0;€ 0,00;€ 0,00
2019-11-08;2019-12-09;Not grouped;EUR;Lazy Zola Manual;Broad;zahnbürste holz;EXACT;zahnbürste holz;856;39;4,5561%;€ 0,61;€ 23,87;€ 41,93;56,9282%;1,76;7;7;17,9487%;7;0;€ 41,93;€ 0,00
2019-11-19;2019-11-28;Not grouped;EUR;Lazy Zola Manual;Broad;zahnbürste holz;EXACT;zahnbürsten holz;18;2;11,1111%;€ 0,62;€ 1,23;€ 5,87;20,9540%;4,77;1;1;50,0000%;1;0;€ 5,87;€ 0,00
2019-11-14;2019-11-14;Not grouped;EUR;Lazy Zola Manual;Broad;zahnbürste holz;PHRASE;visco zahnbürste holz;1;1;100,0000%;€ 0,17;€ 0,17;€ 0,00;;0,00;0;0;0,0000%;0;0;€ 0,00;€ 0,00
2019-11-19;2019-11-19;Not grouped;EUR;Lazy Zola Manual;Broad;zahnbürste holz;PHRASE;zahnbürste aus holz mit tierborsten;1;1;100,0000%;€ 0,46;€ 0,46;€ 0,00;;0,00;0;0;0,0000%;0;0;€ 0,00;€ 0,00
2019-11-17;2019-11-17;Not grouped;EUR;Lazy Zola Manual;Broad;zahnbürste holz;PHRASE;zahnbürste holz amazon;3;1;33,3333%;€ 0,36;€ 0,36;€ 0,00;;0,00;0;0;0,0000%;0;0;€ 0,00;€ 0,00
2019-11-23;2019-11-23;Not grouped;EUR;Lazy Zola Manual;Broad;zahnbürste holz;PHRASE;zahnbürste holz bunt;1;1;100,0000%;€ 0,42;€ 0,42;€ 0,00;;0,00;0;0;0,0000%;0;0;€ 0,00;€ 0,00
2019-11-28;2019-11-28;Not grouped;EUR;Lazy Zola Manual;Broad;zahnbürste holz;PHRASE;zahnbürste holz erwachsen;1;1;100,0000%;€ 0,43;€ 0,43;€ 0,00;;0,00;0;0;0,0000%;0;0;€ 0,00;€ 0,00
2019-11-13;2019-11-13;Not grouped;EUR;Lazy Zola Manual;Broad;zahnbürste holz;PHRASE;zahnbürste holz feste borsten;1;1;100,0000%;€ 0,73;€ 0,73;€ 0,00;;0,00;0;0;0,0000%;0;0;€ 0,00;€ 0,00
2019-11-17;2019-11-28;Not grouped;EUR;Lazy Zola Manual;Broad;zahnbürste holz;PHRASE;zahnbürste holz hart;21;6;28,5714%;€ 0,59;€ 3,51;€ 8,39;41,8355%;2,39;1;1;16,6667%;1;0;€ 8,39;€ 0,00
2019-11-28;2019-11-28;Not grouped;EUR;Lazy Zola Manual;Broad;zahnbürste holz;PHRASE;zahnbürste holz hart lazy zola;2;1;50,0000%;€ 0,23;€ 0,23;€ 0,00;;0,00;0;0;0,0000%;0;0;€ 0,00;€ 0,00
2019-11-16;2019-11-18;Not grouped;EUR;Lazy Zola Manual;Broad;zahnbürste holz;PHRASE;zahnbürste holz harte borsten;3;2;66,6667%;€ 0,55;€ 1,10;€ 0,00;;0,00;0;0;0,0000%;0;0;€ 0,00;€ 0,00
2019-11-09;2019-11-09;Not grouped;EUR;Lazy Zola Manual;Broad;zahnbürste holz;PHRASE;zahnbürste holz mit naturborsten;2;1;50,0000%;€ 0,79;€ 0,79;€ 0,00;;0,00;0;0;0,0000%;0;0;€ 0,00;€ 0,00
2019-11-09;2019-11-09;Not grouped;EUR;Lazy Zola Manual;Broad;zahnbürste holz;PHRASE;zahnbürste holz mit silberborsten;1;1;100,0000%;€ 0,33;€ 0,33;€ 0,00;;0,00;0;0;0,0000%;0;0;€ 0,00;€ 0,00
2019-11-17;2019-12-03;Not grouped;EUR;Lazy Zola Manual;Broad;zahnbürste holz;PHRASE;zahnbürste holz mittel;29;6;20,6897%;€ 0,59;€ 3,52;€ 19,29;18,2478%;5,48;3;3;50,0000%;3;0;€ 19,29;€ 0,00
2019-11-19;2019-11-21;Not grouped;EUR;Lazy Zola Manual;Broad;zahnbürste holz;PHRASE;zahnbürste holz naturborsten;6;3;50,0000%;€ 0,60;€ 1,79;€ 0,00;;0,00;0;0;0,0000%;0;0;€ 0,00;€ 0,00
2019-11-09;2019-11-09;Not grouped;EUR;Lazy Zola Manual;Broad;zahnbürste holz;PHRASE;zahnbürste holz tiermotiv;1;1;100,0000%;€ 0,31;€ 0,31;€ 0,00;;0,00;0;0;0,0000%;0;0;€ 0,00;€ 0,00
2019-12-02;2019-12-02;Not grouped;EUR;Lazy Zola Manual;Broad;zahnbürste holz;PHRASE;zahnbürste holz wechsel;1;1;100,0000%;€ 0,52;€ 0,52;€ 0,00;;0,00;0;0;0,0000%;0;0;€ 0,00;€ 0,00
2019-11-11;2019-11-24;Not grouped;EUR;Lazy Zola Manual;Broad;zahnbürste holz;PHRASE;zahnbürste holz weich;6;4;66,6667%;€ 0,65;€ 2,59;€ 6,71;38,5991%;2,59;1;1;25,0000%;1;0;€ 6,71;€ 0,00
2019-11-10;2019-12-05;Not grouped;EUR;Lazy Zola Manual;Broad;bambus zahnbürsten;EXACT;bambus zahnbürste;542;14;2,5830%;€ 0,64;€ 8,99;€ 19,29;46,6045%;2,15;3;3;21,4286%;3;0;€ 19,29;€ 0,00
2019-11-08;2019-12-09;Not grouped;EUR;Lazy Zola Manual;Broad;bambus zahnbürsten;EXACT;bambus zahnbürsten;11586;55;0,4747%;€ 0,73;€ 40,11;€ 52,43;76,5020%;1,31;8;8;14,5455%;8;0;€ 52,43;€ 0,00
2019-11-22;2019-11-23;Not grouped;EUR;Lazy Zola Manual;Broad;bambus zahnbürsten;EXACT;bambus-zahnbürste;64;3;4,6875%;€ 0,71;€ 2,13;€ 0,00;;0,00;0;0;0,0000%;0;0;€ 0,00;€ 0,00
2019-11-15;2019-11-15;Not grouped;EUR;Lazy Zola Manual;Broad;zahnbürste holz;BROAD;holz bio zahnbürste;2;1;50,0000%;€ 0,70;€ 0,70;€ 6,71;10,4322%;9,59;1;1;100,0000%;1;0;€ 6,71;€ 0,00
2019-11-26;2019-12-04;Not grouped;EUR;Lazy Zola Manual;Broad;zahnbürste holz;BROAD;holz zahnbürste;5;2;40,0000%;€ 0,59;€ 1,18;€ 0,00;;0,00;0;0;0,0000%;0;0;€ 0,00;€ 0,00
2019-11-11;2019-11-11;Not grouped;EUR;Lazy Zola Manual;Broad;zahnbürste holz;BROAD;holz zahnbürste multi pack harte borsten;1;1;100,0000%;€ 0,33;€ 0,33;€ 6,71;4,9180%;20,33;1;1;100,0000%;1;0;€ 6,71;€ 0,00
2019-12-09;2019-12-09;Not grouped;EUR;Lazy Zola Manual;Broad;zahnbürste holz;BROAD;holz zahnbürste wechselkopf;1;1;100,0000%;€ 0,54;€ 0,54;€ 0,00;;0,00;0;0;0,0000%;0;0;€ 0,00;€ 0,00
2019-11-10;2019-12-09;Not grouped;EUR;Lazy Zola Manual;Broad;zahnbürste holz;BROAD;holz zahnbürsten;349;25;7,1633%;€ 0,73;€ 18,21;€ 20,56;88,5700%;1,13;3;3;12,0000%;3;0;€ 20,56;€ 0,00
2019-11-17;2019-12-09;Not grouped;EUR;Lazy Zola Manual;Broad;zahnbürste holz;BROAD;holz zahnbürsten hart;4;4;100,0000%;€ 0,68;€ 2,72;€ 6,71;40,5365%;2,47;1;1;25,0000%;1;0;€ 6,71;€ 0,00
2019-11-24;2019-11-24;Not grouped;EUR;Lazy Zola Manual;Broad;zahnbürste holz;BROAD;holz zahnbürsten mit wechselkopf;1;1;100,0000%;€ 0,40;€ 0,40;€ 5,87;6,8143%;14,68;1;1;100,0000%;1;0;€ 5,87;€ 0,00
2019-12-02;2019-12-02;Not grouped;EUR;Lazy Zola Manual;Broad;zahnbürste holz;BROAD;holz zahnbürsten mittel;1;1;100,0000%;€ 0,66;€ 0,66;€ 0,00;;0,00;0;0;0,0000%;0;0;€ 0,00;€ 0,00
2019-12-06;2019-12-06;Not grouped;EUR;Lazy Zola Manual;Broad;zahnbürste holz;BROAD;holz zahnbürsten name;1;1;100,0000%;€ 0,66;€ 0,66;€ 0,00;;0,00;0;0;0,0000%;0;0;€ 0,00;€ 0,00
2019-12-08;2019-12-08;Not grouped;EUR;Lazy Zola Manual;Broad;zahnbürste holz;BROAD;holz zahnbürsten normal;1;1;100,0000%;€ 0,25;€ 0,25;€ 0,00;;0,00;0;0;0,0000%;0;0;€ 0,00;€ 0,00
2019-11-12;2019-11-12;Not grouped;EUR;Lazy Zola Manual;Broad;zahnbürste holz;BROAD;holz zahnbürsten selbstreinigend;3;1;33,3333%;€ 0,49;€ 0,49;€ 6,71;7,3025%;13,69;1;1;100,0000%;1;0;€ 6,71;€ 0,00
2019-12-08;2019-12-08;Not grouped;EUR;Lazy Zola Manual;Broad;zahnbürste holz;BROAD;holz zahnbürsten sparpack;5;1;20,0000%;€ 0,60;€ 0,60;€ 0,00;;0,00;0;0;0,0000%;0;0;€ 0,00;€ 0,00
2019-11-30;2019-11-30;Not grouped;EUR;Lazy Zola Manual;Broad;zahnbürste holz;BROAD;white holz zahnbürste;1;1;100,0000%;€ 0,69;€ 0,69;€ 5,87;11,7547%;8,51;1;1;100,0000%;1;0;€ 5,87;€ 0,00
2019-11-21;2019-11-21;Not grouped;EUR;Lazy Zola Manual;Broad;bambus zahnbürsten;PHRASE;4er pack bambus zahnbürste;4;1;25,0000%;€ 0,94;€ 0,94;€ 0,00;;0,00;0;0;0,0000%;0;0;€ 0,00;€ 0,00
2019-11-24;2019-11-24;Not grouped;EUR;Lazy Zola Manual;Broad;bambus zahnbürsten;PHRASE;bambus zahnbürste baby;3;1;33,3333%;€ 0,53;€ 0,53;€ 0,00;;0,00;0;0;0,0000%;0;0;€ 0,00;€ 0,00
2019-11-17;2019-11-17;Not grouped;EUR;Lazy Zola Manual;Broad;bambus zahnbürsten;PHRASE;bambus zahnbürste extra weich;1;1;100,0000%;€ 0,47;€ 0,47;€ 6,71;7,0045%;14,28;1;1;100,0000%;1;0;€ 6,71;€ 0,00
2019-11-22;2019-12-11;Not grouped;EUR;Lazy Zola Manual;Broad;bambus zahnbürsten;PHRASE;bambus zahnbürste hart;28;3;10,7143%;€ 0,52;€ 1,56;€ 0,00;;0,00;0;0;0,0000%;0;0;€ 0,00;€ 0,00
2019-12-01;2019-12-01;Not grouped;EUR;Lazy Zola Manual;Broad;bambus zahnbürsten;PHRASE;bambus zahnbürste his and hers;1;1;100,0000%;€ 0,67;€ 0,67;€ 0,00;;0,00;0;0;0,0000%;0;0;€ 0,00;€ 0,00
2019-12-08;2019-12-08;Not grouped;EUR;Lazy Zola Manual;Broad;bambus zahnbürsten;PHRASE;bambus zahnbürste hydrophil;3;1;33,3333%;€ 0,64;€ 0,64;€ 7,14;8,9636%;11,16;1;1;100,0000%;1;0;€ 7,14;€ 0,00
2019-11-22;2019-11-22;Not grouped;EUR;Lazy Zola Manual;Broad;bambus zahnbürsten;PHRASE;bambus zahnbürste mittel;1;1;100,0000%;€ 0,57;€ 0,57;€ 5,87;9,7104%;10,30;1;1;100,0000%;1;0;€ 5,87;€ 0,00
2019-11-14;2019-11-14;Not grouped;EUR;Lazy Zola Manual;Broad;bambus zahnbürsten;PHRASE;bambus zahnbürsten 5 pack;9;1;11,1111%;€ 0,71;€ 0,71;€ 0,00;;0,00;0;0;0,0000%;0;0;€ 0,00;€ 0,00
2019-11-11;2019-11-11;Not grouped;EUR;Lazy Zola Manual;Broad;bambus zahnbürsten;PHRASE;bambus zahnbürsten abbaubare börste;1;1;100,0000%;€ 0,67;€ 0,67;€ 0,00;;0,00;0;0;0,0000%;0;0;€ 0,00;€ 0,00
2019-11-29;2019-11-29;Not grouped;EUR;Lazy Zola Manual;Broad;bambus zahnbürsten;PHRASE;bambus zahnbürsten baby;1;1;100,0000%;€ 0,63;€ 0,63;€ 5,87;10,7325%;9,32;1;1;100,0000%;1;0;€ 5,87;€ 0,00
2019-12-03;2019-12-03;Not grouped;EUR;Lazy Zola Manual;Broad;bambus zahnbürsten;PHRASE;bambus zahnbürsten bürstenhalter;1;1;100,0000%;€ 0,58;€ 0,58;€ 0,00;;0,00;0;0;0,0000%;0;0;€ 0,00;€ 0,00
2019-11-23;2019-12-02;Not grouped;EUR;Lazy Zola Manual;Broad;bambus zahnbürsten;PHRASE;bambus zahnbürsten hart;25;4;16,0000%;€ 0,66;€ 2,62;€ 0,00;;0,00;0;0;0,0000%;0;0;€ 0,00;€ 0,00
2019-11-15;2019-11-15;Not grouped;EUR;Lazy Zola Manual;Broad;bambus zahnbürsten;PHRASE;bambus zahnbürsten harte borsten;4;1;25,0000%;€ 0,62;€ 0,62;€ 0,00;;0,00;0;0;0,0000%;0;0;€ 0,00;€ 0,00
2019-11-27;2019-11-27;Not grouped;EUR;Lazy Zola Manual;Broad;bambus zahnbürsten;PHRASE;bambus zahnbürsten medium;1;1;100,0000%;€ 0,52;€ 0,52;€ 0,00;;0,00;0;0;0,0000%;0;0;€ 0,00;€ 0,00
2019-12-03;2019-12-03;Not grouped;EUR;Lazy Zola Manual;Broad;bambus zahnbürsten;PHRASE;bambus zahnbürsten mit aktiv kohle;1;1;100,0000%;€ 0,35;€ 0,35;€ 0,00;;0,00;0;0;0,0000%;0;0;€ 0,00;€ 0,00
2019-11-22;2019-11-22;Not grouped;EUR;Lazy Zola Manual;Broad;bambus zahnbürsten;PHRASE;bambus zahnbürsten mit bambusborsten;3;1;33,3333%;€ 0,65;€ 0,65;€ 0,00;;0,00;0;0;0,0000%;0;0;€ 0,00;€ 0,00
2019-11-20;2019-12-12;Not grouped;EUR;Lazy Zola Manual;Broad;bambus zahnbürsten;PHRASE;bambus zahnbürsten mittel;36;8;22,2222%;€ 0,81;€ 6,50;€ 0,00;;0,00;0;0;0,0000%;0;0;€ 0,00;€ 0,00
2019-11-15;2019-12-01;Not grouped;EUR;Lazy Zola Manual;Broad;bambus zahnbürsten;PHRASE;bambus zahnbürsten mittelhart;10;3;30,0000%;€ 0,48;€ 1,44;€ 0,00;;0,00;0;0;0,0000%;0;0;€ 0,00;€ 0,00
2019-12-01;2019-12-01;Not grouped;EUR;Lazy Zola Manual;Broad;bambus zahnbürsten;PHRASE;bambus zahnbürsten mittelweich;1;1;100,0000%;€ 0,67;€ 0,67;€ 0,00;;0,00;0;0;0,0000%;0;0;€ 0,00;€ 0,00
2019-11-30;2019-11-30;Not grouped;EUR;Lazy Zola Manual;Broad;bambus zahnbürsten;PHRASE;bambus zahnbürsten mädchen;1;1;100,0000%;€ 0,26;€ 0,26;€ 0,00;;0,00;0;0;0,0000%;0;0;€ 0,00;€ 0,00
2019-12-11;2019-12-11;Not grouped;EUR;Lazy Zola Manual;Broad;bambus zahnbürsten;PHRASE;bambus zahnbürsten rund;1;1;100,0000%;€ 0,56;€ 0,56;€ 0,00;;0,00;0;0;0,0000%;0;0;€ 0,00;€ 0,00
2019-11-16;2019-11-16;Not grouped;EUR;Lazy Zola Manual;Broad;bambus zahnbürsten;PHRASE;bambus zahnbürsten weich;5;1;20,0000%;€ 0,69;€ 0,69;€ 6,71;10,2832%;9,72;1;1;100,0000%;1;0;€ 6,71;€ 0,00
2019-11-30;2019-11-30;Not grouped;EUR;Lazy Zola Manual;Broad;bambus zahnbürsten;PHRASE;bambus zahnbürsten weich erwachsene;3;1;33,3333%;€ 0,63;€ 0,63;€ 0,00;;0,00;0;0;0,0000%;0;0;€ 0,00;€ 0,00
2019-11-14;2019-11-22;Not grouped;EUR;Lazy Zola Manual;Broad;bambus zahnbürsten;PHRASE;bambus zahnbürsten weltheld;138;3;2,1739%;€ 0,45;€ 1,34;€ 0,00;;0,00;0;0;0,0000%;0;0;€ 0,00;€ 0,00
2019-12-02;2019-12-02;Not grouped;EUR;Lazy Zola Manual;Broad;bambus zahnbürsten;PHRASE;bambus zahnbürsten zart;2;1;50,0000%;€ 0,63;€ 0,63;€ 0,00;;0,00;0;0;0,0000%;0;0;€ 0,00;€ 0,00
2019-11-21;2019-11-21;Not grouped;EUR;Lazy Zola Manual;Broad;bambus zahnbürsten;PHRASE;colgate bambus zahnbürste;2;1;50,0000%;€ 0,93;€ 0,93;€ 0,00;;0,00;0;0;0,0000%;0;0;€ 0,00;€ 0,00
2019-11-08;2019-11-15;Not grouped;EUR;Lazy Zola Manual;Broad;bambus zahnbürsten;PHRASE;ecoet bambus zahnbürste;8;2;25,0000%;€ 0,57;€ 1,13;€ 0,00;;0,00;0;0;0,0000%;0;0;€ 0,00;€ 0,00
2019-11-22;2019-12-08;Not grouped;EUR;Lazy Zola Manual;Broad;bambus zahnbürsten;PHRASE;hydrophil bambus zahnbürste;17;2;11,7647%;€ 0,59;€ 1,17;€ 0,00;;0,00;0;0;0,0000%;0;0;€ 0,00;€ 0,00
2019-11-26;2019-11-26;Not grouped;EUR;Lazy Zola Manual;Broad;bambus zahnbürsten;PHRASE;muifa bambus zahnbürsten;2;1;50,0000%;€ 0,62;€ 0,62;€ 0,00;;0,00;0;0;0,0000%;0;0;€ 0,00;€ 0,00
2019-11-16;2019-11-16;Not grouped;EUR;Lazy Zola Manual;Broad;bambus zahnbürsten;PHRASE;ventvinal bambus zahnbürsten;2;1;50,0000%;€ 0,71;€ 0,71;€ 0,00;;0,00;0;0;0,0000%;0;0;€ 0,00;€ 0,00
2019-11-19;2019-11-19;Not grouped;EUR;Top 5 Competitors which are more expensive;Lazy Zola Toothbrush;"asin=""B07N6DV8YL""";-;b07n6dv8yl;153;1;0,6536%;€ 0,68;€ 0,68;€ 0,00;;0,00;0;0;0,0000%;0;0;€ 0,00;€ 0,00
2019-11-23;2019-12-09;Not grouped;EUR;Top 5 Competitors which are more expensive;Lazy Zola Toothbrush;"asin=""B07RTZSKWL""";-;b07rtzskwl;194;8;4,1237%;€ 0,69;€ 5,54;€ 0,00;;0,00;0;0;0,0000%;0;0;€ 0,00;€ 0,00
2019-11-29;2019-12-06;Not grouped;EUR;Top 5 Competitors which are more expensive;Lazy Zola Toothbrush;"asin=""B07XQFHFTW""";-;b07xqfhftw;70;2;2,8571%;€ 0,65;€ 1,30;€ 0,00;;0,00;0;0;0,0000%;0;0;€ 0,00;€ 0,00
2019-11-18;2019-12-13;Not grouped;EUR;Top 5 Competitors which are more expensive;Lazy Zola Toothbrush;"asin=""B07FGDZSX9""";-;b07fgdzsx9;1730;65;3,7572%;€ 0,72;€ 46,81;€ 138,92;33,6957%;2,97;19;21;29,2308%;21;0;€ 138,92;€ 0,00
2019-11-18;2019-11-18;Not grouped;EUR;Lazy Zola Manual Extended Keywords;Lazy Zola Toothbrush;bambus zahnbürste;PHRASE;bambus zahnbürsten 5er pack;9;1;11,1111%;€ 1,46;€ 1,46;€ 0,00;;0,00;0;0;0,0000%;0;0;€ 0,00;€ 0,00
2019-11-17;2019-11-17;Not grouped;EUR;Lazy Zola Manual Extended Keywords;Lazy Zola Toothbrush;bambus zahnbürste;PHRASE;bambus zahnbürsten weltheld;49;1;2,0408%;€ 1,28;€ 1,28;€ 0,00;;0,00;0;0;0,0000%;0;0;€ 0,00;€ 0,00
2019-11-17;2019-11-18;Not grouped;EUR;Lazy Zola Manual Extended Keywords;Lazy Zola Toothbrush;bambus zahnbürste;EXACT;bambus zahnbürsten;440;6;1,3636%;€ 1,40;€ 8,38;€ 6,71;124,8882%;0,80;1;1;16,6667%;1;0;€ 6,71;€ 0,00
2019-11-17;2019-11-18;Not grouped;EUR;Lazy Zola Manual Category Browsing;Lazy Zola Toothbrush;"category=""Ersatzzahnbürsten & Ersatzdüsen""";-;b00065hucu;52;2;3,8462%;€ 0,38;€ 0,76;€ 0,00;;0,00;0;0;0,0000%;0;0;€ 0,00;€ 0,00
2019-11-21;2019-11-21;Not grouped;EUR;Lazy Zola Manual Category Browsing;Lazy Zola Toothbrush;"category=""Ersatzzahnbürsten & Ersatzdüsen""";-;b0014ril1s;16;1;6,2500%;€ 0,40;€ 0,40;€ 0,00;;0,00;0;0;0,0000%;0;0;€ 0,00;€ 0,00
2019-11-21;2019-11-21;Not grouped;EUR;Lazy Zola Manual Category Browsing;Lazy Zola Toothbrush;"category=""Ersatzzahnbürsten & Ersatzdüsen""";-;b001qm5p7y;6;1;16,6667%;€ 0,42;€ 0,42;€ 0,00;;0,00;0;0;0,0000%;0;0;€ 0,00;€ 0,00
2019-11-17;2019-11-22;Not grouped;EUR;Lazy Zola Manual Category Browsing;Lazy Zola Toothbrush;"category=""Ersatzzahnbürsten & Ersatzdüsen""";-;b003u9v7lo;2370;9;0,3797%;€ 0,41;€ 3,70;€ 0,00;;0,00;0;0;0,0000%;0;0;€ 0,00;€ 0,00
2019-11-22;2019-11-22;Not grouped;EUR;Lazy Zola Manual Category Browsing;Lazy Zola Toothbrush;"category=""Ersatzzahnbürsten & Ersatzdüsen""";-;b003u9v7qo;321;2;0,6231%;€ 0,29;€ 0,57;€ 0,00;;0,00;0;0;0,0000%;0;0;€ 0,00;€ 0,00
2019-11-15;2019-11-15;Not grouped;EUR;Lazy Zola Manual Category Browsing;Lazy Zola Toothbrush;"category=""Ersatzzahnbürsten & Ersatzdüsen""";-;b003u9v7ri;32;1;3,1250%;€ 0,37;€ 0,37;€ 0,00;;0,00;0;0;0,0000%;0;0;€ 0,00;€ 0,00
2019-11-22;2019-11-22;Not grouped;EUR;Lazy Zola Manual Category Browsing;Lazy Zola Toothbrush;"category=""Ersatzzahnbürsten & Ersatzdüsen""";-;b00epzhogo;509;1;0,1965%;€ 0,44;€ 0,44;€ 0,00;;0,00;0;0;0,0000%;0;0;€ 0,00;€ 0,00
2019-11-16;2019-11-22;Not grouped;EUR;Lazy Zola Manual Category Browsing;Lazy Zola Toothbrush;"category=""Ersatzzahnbürsten & Ersatzdüsen""";-;b016kdzaeq;229;2;0,8734%;€ 0,28;€ 0,56;€ 0,00;;0,00;0;0;0,0000%;0;0;€ 0,00;€ 0,00
2019-11-20;2019-11-20;Not grouped;EUR;Lazy Zola Manual Category Browsing;Lazy Zola Toothbrush;"category=""Ersatzzahnbürsten & Ersatzdüsen""";-;b079wlhz5n;4;1;25,0000%;€ 0,39;€ 0,39;€ 0,00;;0,00;0;0;0,0000%;0;0;€ 0,00;€ 0,00
2019-11-21;2019-11-22;Not grouped;EUR;Lazy Zola Manual Category Browsing;Lazy Zola Toothbrush;"category=""Ersatzzahnbürsten & Ersatzdüsen""";-;b07hhbf923;318;2;0,6289%;€ 0,38;€ 0,76;€ 0,00;;0,00;0;0;0,0000%;0;0;€ 0,00;€ 0,00
2019-11-21;2019-11-21;Not grouped;EUR;Lazy Zola Manual Category Browsing;Lazy Zola Toothbrush;"category=""Ersatzzahnbürsten & Ersatzdüsen""";-;b07hjpsmph;223;1;0,4484%;€ 0,44;€ 0,44;€ 0,00;;0,00;0;0;0,0000%;0;0;€ 0,00;€ 0,00
2019-11-19;2019-11-19;Not grouped;EUR;Lazy Zola Manual Category Browsing;Lazy Zola Toothbrush;"category=""Ersatzzahnbürsten & Ersatzdüsen""";-;b07k3trpf6;2;1;50,0000%;€ 0,41;€ 0,41;€ 0,00;;0,00;0;0;0,0000%;0;0;€ 0,00;€ 0,00
2019-11-22;2019-11-22;Not grouped;EUR;Lazy Zola Manual Category Browsing;Lazy Zola Toothbrush;"category=""Ersatzzahnbürsten & Ersatzdüsen""";-;b07rqv3cyl;1240;1;0,0806%;€ 0,44;€ 0,44;€ 0,00;;0,00;0;0;0,0000%;0;0;€ 0,00;€ 0,00
2019-11-22;2019-11-22;Not grouped;EUR;Lazy Zola Manual Category Browsing;Lazy Zola Toothbrush;"category=""Handzahnbürsten""";-;b003f0pvaq;23;1;4,3478%;€ 0,47;€ 0,47;€ 0,00;;0,00;0;0;0,0000%;0;0;€ 0,00;€ 0,00
2019-11-18;2019-11-18;Not grouped;EUR;Lazy Zola Manual Category Browsing;Lazy Zola Toothbrush;"category=""Handzahnbürsten""";-;b0049mise0;21;2;9,5238%;€ 0,30;€ 0,60;€ 0,00;;0,00;0;0;0,0000%;0;0;€ 0,00;€ 0,00
2019-11-15;2019-11-22;Not grouped;EUR;Lazy Zola Manual Category Browsing;Lazy Zola Toothbrush;"category=""Handzahnbürsten""";-;b004w6paje;2603;22;0,8452%;€ 0,45;€ 9,87;€ 13,42;73,5469%;1,36;2;2;9,0909%;2;0;€ 13,42;€ 0,00
2019-11-19;2019-11-19;Not grouped;EUR;Lazy Zola Manual Category Browsing;Lazy Zola Toothbrush;"category=""Handzahnbürsten""";-;b0087arsdm;33;1;3,0303%;€ 0,31;€ 0,31;€ 0,00;;0,00;0;0;0,0000%;0;0;€ 0,00;€ 0,00
2019-11-22;2019-11-22;Not grouped;EUR;Lazy Zola Manual Category Browsing;Lazy Zola Toothbrush;"category=""Handzahnbürsten""";-;b008uavxp8;276;1;0,3623%;€ 0,43;€ 0,43;€ 0,00;;0,00;0;0;0,0000%;0;0;€ 0,00;€ 0,00
2019-11-21;2019-11-21;Not grouped;EUR;Lazy Zola Manual Category Browsing;Lazy Zola Toothbrush;"category=""Handzahnbürsten""";-;b00c9zqm0q;198;1;0,5051%;€ 0,48;€ 0,48;€ 0,00;;0,00;0;0;0,0000%;0;0;€ 0,00;€ 0,00
2019-11-22;2019-11-22;Not grouped;EUR;Lazy Zola Manual Category Browsing;Lazy Zola Toothbrush;"category=""Handzahnbürsten""";-;b00q1gs8lk;27;2;7,4074%;€ 0,42;€ 0,84;€ 0,00;;0,00;0;0;0,0000%;0;0;€ 0,00;€ 0,00
2019-11-17;2019-11-17;Not grouped;EUR;Lazy Zola Manual Category Browsing;Lazy Zola Toothbrush;"category=""Handzahnbürsten""";-;b00ubtv7am;5;1;20,0000%;€ 0,28;€ 0,28;€ 0,00;;0,00;0;0;0,0000%;0;0;€ 0,00;€ 0,00
2019-11-15;2019-11-22;Not grouped;EUR;Lazy Zola Manual Category Browsing;Lazy Zola Toothbrush;"category=""Handzahnbürsten""";-;b00yrtjxxa;491;5;1,0183%;€ 0,40;€ 2,00;€ 13,42;14,9031%;6,71;1;2;20,0000%;2;0;€ 13,42;€ 0,00
2019-11-21;2019-11-22;Not grouped;EUR;Lazy Zola Manual Category Browsing;Lazy Zola Toothbrush;"category=""Handzahnbürsten""";-;b00zs5lae2;129;2;1,5504%;€ 0,41;€ 0,82;€ 0,00;;0,00;0;0;0,0000%;0;0;€ 0,00;€ 0,00
2019-11-22;2019-11-22;Not grouped;EUR;Lazy Zola Manual Category Browsing;Lazy Zola Toothbrush;"category=""Handzahnbürsten""";-;b00zs80yh8;61;1;1,6393%;€ 0,50;€ 0,50;€ 0,00;;0,00;0;0;0,0000%;0;0;€ 0,00;€ 0,00
2019-11-17;2019-11-22;Not grouped;EUR;Lazy Zola Manual Category Browsing;Lazy Zola Toothbrush;"category=""Handzahnbürsten""";-;b01ae65hti;344;6;1,7442%;€ 0,43;€ 2,57;€ 0,00;;0,00;0;0;0,0000%;0;0;€ 0,00;€ 0,00
2019-11-20;2019-11-20;Not grouped;EUR;Lazy Zola Manual Category Browsing;Lazy Zola Toothbrush;"category=""Handzahnbürsten""";-;b01cyjcu8o;14;1;7,1429%;€ 0,38;€ 0,38;€ 0,00;;0,00;0;0;0,0000%;0;0;€ 0,00;€ 0,00
2019-11-15;2019-11-15;Not grouped;EUR;Lazy Zola Manual Category Browsing;Lazy Zola Toothbrush;"category=""Handzahnbürsten""";-;b01gq89xjs;12;1;8,3333%;€ 0,28;€ 0,28;€ 0,00;;0,00;0;0;0,0000%;0;0;€ 0,00;€ 0,00
2019-11-20;2019-11-20;Not grouped;EUR;Lazy Zola Manual Category Browsing;Lazy Zola Toothbrush;"category=""Handzahnbürsten""";-;b01lwrnj9i;6;1;16,6667%;€ 0,54;€ 0,54;€ 0,00;;0,00;0;0;0,0000%;0;0;€ 0,00;€ 0,00
2019-11-18;2019-11-21;Not grouped;EUR;Lazy Zola Manual Category Browsing;Lazy Zola Toothbrush;"category=""Handzahnbürsten""";-;b01mcyexap;111;2;1,8018%;€ 0,45;€ 0,89;€ 0,00;;0,00;0;0;0,0000%;0;0;€ 0,00;€ 0,00
2019-11-19;2019-11-22;Not grouped;EUR;Lazy Zola Manual Category Browsing;Lazy Zola Toothbrush;"category=""Handzahnbürsten""";-;b01n25ddvt;127;3;2,3622%;€ 0,38;€ 1,15;€ 0,00;;0,00;0;0;0,0000%;0;0;€ 0,00;€ 0,00
2019-11-21;2019-11-21;Not grouped;EUR;Lazy Zola Manual Category Browsing;Lazy Zola Toothbrush;"category=""Handzahnbürsten""";-;b0711n1nrr;25;1;4,0000%;€ 0,61;€ 0,61;€ 0,00;;0,00;0;0;0,0000%;0;0;€ 0,00;€ 0,00
2019-11-21;2019-11-21;Not grouped;EUR;Lazy Zola Manual Category Browsing;Lazy Zola Toothbrush;"category=""Handzahnbürsten""";-;b0713xjgsh;7;1;14,2857%;€ 0,64;€ 0,64;€ 0,00;;0,00;0;0;0,0000%;0;0;€ 0,00;€ 0,00
2019-11-22;2019-11-22;Not grouped;EUR;Lazy Zola Manual Category Browsing;Lazy Zola Toothbrush;"category=""Handzahnbürsten""";-;b073wxyp8n;5;1;20,0000%;€ 0,57;€ 0,57;€ 0,00;;0,00;0;0;0,0000%;0;0;€ 0,00;€ 0,00
2019-11-20;2019-11-20;Not grouped;EUR;Lazy Zola Manual Category Browsing;Lazy Zola Toothbrush;"category=""Handzahnbürsten""";-;b07449q2bm;2;1;50,0000%;€ 0,64;€ 0,64;€ 0,00;;0,00;0;0;0,0000%;0;0;€ 0,00;€ 0,00
2019-11-19;2019-11-19;Not grouped;EUR;Lazy Zola Manual Category Browsing;Lazy Zola Toothbrush;"category=""Handzahnbürsten""";-;b076x8ntnq;50;1;2,0000%;€ 0,38;€ 0,38;€ 0,00;;0,00;0;0;0,0000%;0;0;€ 0,00;€ 0,00
2019-11-21;2019-11-21;Not grouped;EUR;Lazy Zola Manual Category Browsing;Lazy Zola Toothbrush;"category=""Handzahnbürsten""";-;b078hqxnwb;12;1;8,3333%;€ 0,65;€ 0,65;€ 0,00;;0,00;0;0;0,0000%;0;0;€ 0,00;€ 0,00
2019-11-20;2019-11-21;Not grouped;EUR;Lazy Zola Manual Category Browsing;Lazy Zola Toothbrush;"category=""Handzahnbürsten""";-;b07ct17bgv;157;2;1,2739%;€ 0,49;€ 0,98;€ 0,00;;0,00;0;0;0,0000%;0;0;€ 0,00;€ 0,00
2019-11-17;2019-11-21;Not grouped;EUR;Lazy Zola Manual Category Browsing;Lazy Zola Toothbrush;"category=""Handzahnbürsten""";-;b07gt8463k;47;3;6,3830%;€ 0,46;€ 1,37;€ 0,00;;0,00;0;0;0,0000%;0;0;€ 0,00;€ 0,00
2019-11-22;2019-11-22;Not grouped;EUR;Lazy Zola Manual Category Browsing;Lazy Zola Toothbrush;"category=""Handzahnbürsten""";-;b07gxs51h2;38;1;2,6316%;€ 0,37;€ 0,37;€ 0,00;;0,00;0;0;0,0000%;0;0;€ 0,00;€ 0,00
2019-11-15;2019-11-22;Not grouped;EUR;Lazy Zola Manual Category Browsing;Lazy Zola Toothbrush;"category=""Handzahnbürsten""";-;b07h1wcv7g;102;2;1,9608%;€ 0,42;€ 0,84;€ 0,00;;0,00;0;0;0,0000%;0;0;€ 0,00;€ 0,00
2019-11-21;2019-11-21;Not grouped;EUR;Lazy Zola Manual Category Browsing;Lazy Zola Toothbrush;"category=""Handzahnbürsten""";-;b07hp28ly1;14;1;7,1429%;€ 0,64;€ 0,64;€ 0,00;;0,00;0;0;0,0000%;0;0;€ 0,00;€ 0,00
2019-11-22;2019-11-22;Not grouped;EUR;Lazy Zola Manual Category Browsing;Lazy Zola Toothbrush;"category=""Handzahnbürsten""";-;b07wkv7362;6;1;16,6667%;€ 0,63;€ 0,63;€ 0,00;;0,00;0;0;0,0000%;0;0;€ 0,00;€ 0,00
2019-11-15;2019-11-21;Not grouped;EUR;Lazy Zola Manual Category Browsing;Lazy Zola Toothbrush;"category=""Handzahnbürsten""";-;b07ydwm41g;13;5;38,4615%;€ 0,32;€ 1,60;€ 0,00;;0,00;0;0;0,0000%;0;0;€ 0,00;€ 0,00
2019-11-18;2019-11-18;Not grouped;EUR;Lazy Zola Manual Category Browsing;Lazy Zola Toothbrush;"category=""Handzahnbürsten""";-;b07z7vztkg;13;1;7,6923%;€ 0,39;€ 0,39;€ 0,00;;0,00;0;0;0,0000%;0;0;€ 0,00;€ 0,00
2019-11-17;2019-11-17;Not grouped;EUR;Exact Search Terms;Lazy Zola Toothbrush;zahnbürste bambus;BROAD;bambus zahnbürste baby;1;1;100,0000%;€ 1,93;€ 1,93;€ 0,00;;0,00;0;0;0,0000%;0;0;€ 0,00;€ 0,00
2019-11-18;2019-11-18;Not grouped;EUR;Exact Search Terms;Lazy Zola Toothbrush;zahnbürste bambus;BROAD;bambus zahnbürste hart;1;1;100,0000%;€ 1,98;€ 1,98;€ 0,00;;0,00;0;0;0,0000%;0;0;€ 0,00;€ 0,00
2019-11-17;2019-11-17;Not grouped;EUR;Exact Search Terms;Lazy Zola Toothbrush;zahnbürste bambus;BROAD;bambus zahnbürste härtegrad weich;1;1;100,0000%;€ 1,25;€ 1,25;€ 0,00;;0,00;0;0;0,0000%;0;0;€ 0,00;€ 0,00
2019-11-17;2019-11-17;Not grouped;EUR;Exact Search Terms;Lazy Zola Toothbrush;zahnbürste bambus;BROAD;bambus zahnbürsten;1301;4;0,3075%;€ 1,73;€ 6,90;€ 0,00;;0,00;0;0;0,0000%;0;0;€ 0,00;€ 0,00
2019-11-17;2019-11-17;Not grouped;EUR;Exact Search Terms;Lazy Zola Toothbrush;zahnbürste bambus;BROAD;bambus zahnbürsten 10;3;1;33,3333%;€ 1,48;€ 1,48;€ 0,00;;0,00;0;0;0,0000%;0;0;€ 0,00;€ 0,00
2019-11-17;2019-11-17;Not grouped;EUR;Exact Search Terms;Lazy Zola Toothbrush;zahnbürste bambus;BROAD;bambus zahnbürsten borsten aus bambusviskose;1;1;100,0000%;€ 1,79;€ 1,79;€ 0,00;;0,00;0;0;0,0000%;0;0;€ 0,00;€ 0,00
2019-11-17;2019-11-17;Not grouped;EUR;Exact Search Terms;Lazy Zola Toothbrush;zahnbürste bambus;BROAD;bambus zahnbürsten hart;11;1;9,0909%;€ 1,92;€ 1,92;€ 0,00;;0,00;0;0;0,0000%;0;0;€ 0,00;€ 0,00
2019-11-17;2019-11-17;Not grouped;EUR;Exact Search Terms;Lazy Zola Toothbrush;zahnbürste bambus;BROAD;bambus zahnbürsten harte borsten;8;1;12,5000%;€ 1,77;€ 1,77;€ 0,00;;0,00;0;0;0,0000%;0;0;€ 0,00;€ 0,00
2019-11-17;2019-11-17;Not grouped;EUR;Exact Search Terms;Lazy Zola Toothbrush;zahnbürste bambus;BROAD;bambus zahnbürsten kurzkopf;4;1;25,0000%;€ 0,67;€ 0,67;€ 0,00;;0,00;0;0;0,0000%;0;0;€ 0,00;€ 0,00
2019-11-17;2019-11-17;Not grouped;EUR;Exact Search Terms;Lazy Zola Toothbrush;zahnbürste bambus;BROAD;bambus zahnbürsten weich;2;1;50,0000%;€ 0,92;€ 0,92;€ 0,00;;0,00;0;0;0,0000%;0;0;€ 0,00;€ 0,00
2019-11-17;2019-11-17;Not grouped;EUR;Exact Search Terms;Lazy Zola Toothbrush;zahnbürste bambus;BROAD;bambus zahnbürsten weltheld;146;1;0,6849%;€ 1,28;€ 1,28;€ 0,00;;0,00;0;0;0,0000%;0;0;€ 0,00;€ 0,00
2019-11-17;2019-11-17;Not grouped;EUR;Exact Search Terms;Lazy Zola Toothbrush;holz zahnbürsten;BROAD;zahnbürste weich holz;1;1;100,0000%;€ 0,38;€ 0,38;€ 0,00;;0,00;0;0;0,0000%;0;0;€ 0,00;€ 0,00
2019-11-17;2019-11-17;Not grouped;EUR;Exact Search Terms;Lazy Zola Toothbrush;holz zahnbürsten;PHRASE;holz zahnbürste weich;1;1;100,0000%;€ 0,96;€ 0,96;€ 0,00;;0,00;0;0;0,0000%;0;0;€ 0,00;€ 0,00
2019-11-19;2019-11-19;Not grouped;EUR;Exact Search Terms;Lazy Zola Toothbrush;holz zahnbürsten;EXACT;holz zahnbürsten;14;1;7,1429%;€ 0,90;€ 0,90;€ 0,00;;0,00;0;0;0,0000%;0;0;€ 0,00;€ 0,00
2019-11-19;2019-11-19;Not grouped;EUR;Lazy Zola Manual Extended Keywords;Lazy Zola Toothbrush;zahnbürste holz weich;BROAD;zahnbürste sehr weich holz;2;1;50,0000%;€ 0,71;€ 0,71;€ 0,00;;0,00;0;0;0,0000%;0;0;€ 0,00;€ 0,00
2019-11-23;2019-11-23;Not grouped;EUR;Lazy Zola Manual Extended Keywords;Lazy Zola Toothbrush;zahnbürste holz weich;BROAD;zahnbürste weich holz;7;1;14,2857%;€ 0,65;€ 0,65;€ 8,39;7,7473%;12,91;1;1;100,0000%;1;0;€ 8,39;€ 0,00
2019-11-24;2019-11-24;Not grouped;EUR;Lazy Zola Manual Extended Keywords;Lazy Zola Toothbrush;zahnbürste holz weich;PHRASE;zahnbürsten holz weiche naturborsten;1;1;100,0000%;€ 1,76;€ 1,76;€ 0,00;;0,00;0;0;0,0000%;0;0;€ 0,00;€ 0,00
2019-11-20;2019-11-20;Not grouped;EUR;Lazy Zola Manual Extended Keywords;Lazy Zola Toothbrush;zahnbürste holz weich;EXACT;zahnbürsten aus holz weich;4;1;25,0000%;€ 1,48;€ 1,48;€ 5,87;25,2129%;3,97;1;1;100,0000%;1;0;€ 5,87;€ 0,00
2019-11-21;2019-11-21;Not grouped;EUR;Lazy Zola Manual Extended Keywords;Lazy Zola Toothbrush;bambus zahnbürsten weich;EXACT;bambus zahnbürsten weich;10;1;10,0000%;€ 0,78;€ 0,78;€ 0,00;;0,00;0;0;0,0000%;0;0;€ 0,00;€ 0,00
2019-11-17;2019-11-19;Not grouped;EUR;Lazy Zola Manual Extended Keywords;Lazy Zola Toothbrush;zahnbürste nachhaltig;BROAD;nachhaltige zahnbürste;33;4;12,1212%;€ 0,83;€ 3,30;€ 0,00;;0,00;0;0;0,0000%;0;0;€ 0,00;€ 0,00
2019-11-21;2019-11-21;Not grouped;EUR;Lazy Zola Manual Extended Keywords;Lazy Zola Toothbrush;zahnbürste nachhaltig;BROAD;nachhaltige zahnbürste mittel;2;1;50,0000%;€ 0,63;€ 0,63;€ 0,00;;0,00;0;0;0,0000%;0;0;€ 0,00;€ 0,00
2019-11-19;2019-11-19;Not grouped;EUR;Lazy Zola Manual Extended Keywords;Lazy Zola Toothbrush;zahnbürste nachhaltig;BROAD;nachhaltige zahnbürsten;1;1;100,0000%;€ 0,92;€ 0,92;€ 0,00;;0,00;0;0;0,0000%;0;0;€ 0,00;€ 0,00
2019-11-23;2019-11-23;Not grouped;EUR;Lazy Zola Manual Extended Keywords;Lazy Zola Toothbrush;zahnbürste nachhaltig;PHRASE;ultrasoft zahnbürsten nachhaltig;1;1;100,0000%;€ 0,25;€ 0,25;€ 0,00;;0,00;0;0;0,0000%;0;0;€ 0,00;€ 0,00
2019-11-19;2019-11-24;Not grouped;EUR;Lazy Zola Manual Extended Keywords;Lazy Zola Toothbrush;zahnbürsten weich;BROAD;zahnbürste extra weich;6;2;33,3333%;€ 0,60;€ 1,19;€ 6,71;17,7347%;5,64;1;1;50,0000%;1;0;€ 6,71;€ 0,00
2019-11-21;2019-11-21;Not grouped;EUR;Lazy Zola Manual Extended Keywords;Lazy Zola Toothbrush;zahnbürsten weich;BROAD;zahnbürste hand weich;2;2;100,0000%;€ 0,71;€ 1,42;€ 0,00;;0,00;0;0;0,0000%;0;0;€ 0,00;€ 0,00
2019-11-19;2019-11-19;Not grouped;EUR;Lazy Zola Manual Extended Keywords;Lazy Zola Toothbrush;zahnbürsten weich;BROAD;zahnbürste mit weichen tier borsten;1;1;100,0000%;€ 0,47;€ 0,47;€ 0,00;;0,00;0;0;0,0000%;0;0;€ 0,00;€ 0,00
2019-11-23;2019-11-23;Not grouped;EUR;Lazy Zola Manual Extended Keywords;Lazy Zola Toothbrush;zahnbürsten weich;BROAD;zahnbürste naturborsten weich;1;1;100,0000%;€ 0,36;€ 0,36;€ 0,00;;0,00;0;0;0,0000%;0;0;€ 0,00;€ 0,00
2019-11-24;2019-11-24;Not grouped;EUR;Lazy Zola Manual Extended Keywords;Lazy Zola Toothbrush;zahnbürsten weich;PHRASE;georganics zahnbürste weich;1;1;100,0000%;€ 0,62;€ 0,62;€ 0,00;;0,00;0;0;0,0000%;0;0;€ 0,00;€ 0,00
2019-11-19;2019-11-19;Not grouped;EUR;Lazy Zola Manual Extended Keywords;Lazy Zola Toothbrush;zahnbürsten weich;PHRASE;hand zahnbürste weich;1;1;100,0000%;€ 0,52;€ 0,52;€ 6,71;7,7496%;12,90;1;1;100,0000%;1;0;€ 6,71;€ 0,00
2019-11-17;2019-11-17;Not grouped;EUR;Lazy Zola Manual Extended Keywords;Lazy Zola Toothbrush;zahnbürsten weich;PHRASE;zahnbürste weiche borsten;1;1;100,0000%;€ 0,87;€ 0,87;€ 6,71;12,9657%;7,71;1;1;100,0000%;1;0;€ 6,71;€ 0,00
2019-11-20;2019-11-20;Not grouped;EUR;Lazy Zola Manual Extended Keywords;Lazy Zola Toothbrush;zahnbürsten weich;PHRASE;zahnspangen zahnbürste weich;1;1;100,0000%;€ 0,70;€ 0,70;€ 0,00;;0,00;0;0;0,0000%;0;0;€ 0,00;€ 0,00
2019-11-19;2019-11-19;Not grouped;EUR;Lazy Zola Manual Extended Keywords;Lazy Zola Toothbrush;zahnbürsten weich;EXACT;zahnbürste sehr weich;2;1;50,0000%;€ 0,51;€ 0,51;€ 0,00;;0,00;0;0;0,0000%;0;0;€ 0,00;€ 0,00
2019-11-18;2019-11-20;Not grouped;EUR;Lazy Zola Manual Extended Keywords;Lazy Zola Toothbrush;zahnbürsten weich;EXACT;zahnbürste weich;206;3;1,4563%;€ 0,80;€ 2,39;€ 0,00;;0,00;0;0;0,0000%;0;0;€ 0,00;€ 0,00
2019-11-24;2019-11-24;Not grouped;EUR;Lazy Zola Manual Extended Keywords;Lazy Zola Toothbrush;weiche zahnbürste;PHRASE;extra weiche zahnbürste;1;1;100,0000%;€ 0,54;€ 0,54;€ 0,00;;0,00;0;0;0,0000%;0;0;€ 0,00;€ 0,00
2019-11-17;2019-11-24;Not grouped;EUR;Lazy Zola Manual Extended Keywords;Lazy Zola Toothbrush;weiche zahnbürste;EXACT;weiche zahnbürste;95;8;8,4211%;€ 0,80;€ 6,42;€ 12,58;51,0334%;1,96;2;2;25,0000%;2;0;€ 12,58;€ 0,00
2019-11-22;2019-12-11;Not grouped;EUR;Lazy Zola Automated;Lazy Zola Toothbrush;*;-;aktivkohle zahnbürste;44;4;9,0909%;€ 0,69;€ 2,74;€ 5,87;46,6780%;2,14;1;1;25,0000%;1;0;€ 5,87;€ 0,00
2019-11-23;2019-11-23;Not grouped;EUR;Lazy Zola Automated;Lazy Zola Toothbrush;*;-;aktivkohle zahnbürste weich;1;1;100,0000%;€ 0,73;€ 0,73;€ 5,87;12,4361%;8,04;1;1;100,0000%;1;0;€ 5,87;€ 0,00
2019-12-14;2019-12-14;Not grouped;EUR;Lazy Zola Automated;Lazy Zola Toothbrush;*;-;aktivkohle-zahnbürste;1;1;100,0000%;€ 0,59;€ 0,59;€ 0,00;;0,00;0;0;0,0000%;0;0;€ 0,00;€ 0,00
2019-11-12;2019-11-12;Not grouped;EUR;Lazy Zola Automated;Lazy Zola Toothbrush;*;-;b0049mgbjo;27;1;3,7037%;€ 1,17;€ 1,17;€ 0,00;;0,00;0;0;0,0000%;0;0;€ 0,00;€ 0,00
2019-11-09;2019-11-09;Not grouped;EUR;Lazy Zola Automated;Lazy Zola Toothbrush;*;-;b00okjybie;4;1;25,0000%;€ 0,24;€ 0,24;€ 0,00;;0,00;0;0;0,0000%;0;0;€ 0,00;€ 0,00
2019-11-07;2019-11-13;Not grouped;EUR;Lazy Zola Automated;Lazy Zola Toothbrush;*;-;b019cw6wzs;327;3;0,9174%;€ 0,73;€ 2,18;€ 0,00;;0,00;0;0;0,0000%;0;0;€ 0,00;€ 0,00
2019-11-10;2019-11-10;Not grouped;EUR;Lazy Zola Automated;Lazy Zola Toothbrush;*;-;b01gq9cq1y;3;1;33,3333%;€ 1,01;€ 1,01;€ 0,00;;0,00;0;0;0,0000%;0;0;€ 0,00;€ 0,00
2019-11-07;2019-11-07;Not grouped;EUR;Lazy Zola Automated;Lazy Zola Toothbrush;*;-;b01m19339e;26;1;3,8462%;€ 0,20;€ 0,20;€ 0,00;;0,00;0;0;0,0000%;0;0;€ 0,00;€ 0,00
2019-11-07;2019-12-09;Not grouped;EUR;Lazy Zola Automated;Lazy Zola Toothbrush;*;-;b0711n1nrr;321;5;1,5576%;€ 0,73;€ 3,66;€ 6,71;54,5455%;1,83;1;1;20,0000%;1;0;€ 6,71;€ 0,00
2019-11-12;2019-11-12;Not grouped;EUR;Lazy Zola Automated;Lazy Zola Toothbrush;*;-;b071dv7gt9;15;1;6,6667%;€ 1,14;€ 1,14;€ 0,00;;0,00;0;0;0,0000%;0;0;€ 0,00;€ 0,00
2019-11-08;2019-11-08;Not grouped;EUR;Lazy Zola Automated;Lazy Zola Toothbrush;*;-;b071vyprwh;36;1;2,7778%;€ 1,00;€ 1,00;€ 0,00;;0,00;0;0;0,0000%;0;0;€ 0,00;€ 0,00
2019-11-12;2019-11-12;Not grouped;EUR;Lazy Zola Automated;Lazy Zola Toothbrush;*;-;b072pq4qmq;40;1;2,5000%;€ 0,63;€ 0,63;€ 0,00;;0,00;0;0;0,0000%;0;0;€ 0,00;€ 0,00
2019-11-12;2019-11-15;Not grouped;EUR;Lazy Zola Automated;Lazy Zola Toothbrush;*;-;b073txsmjg;79;2;2,5316%;€ 0,94;€ 1,87;€ 6,71;27,8689%;3,59;1;1;50,0000%;1;0;€ 6,71;€ 0,00
2019-11-07;2019-11-07;Not grouped;EUR;Lazy Zola Automated;Lazy Zola Toothbrush;*;-;b078hzw9gm;24;1;4,1667%;€ 0,70;€ 0,70;€ 0,00;;0,00;0;0;0,0000%;0;0;€ 0,00;€ 0,00
2019-11-10;2019-11-10;Not grouped;EUR;Lazy Zola Automated;Lazy Zola Toothbrush;*;-;b079pttn54;12;1;8,3333%;€ 1,15;€ 1,15;€ 0,00;;0,00;0;0;0,0000%;0;0;€ 0,00;€ 0,00
2019-11-08;2019-11-08;Not grouped;EUR;Lazy Zola Automated;Lazy Zola Toothbrush;*;-;b07b2jy4cy;25;1;4,0000%;€ 0,69;€ 0,69;€ 0,00;;0,00;0;0;0,0000%;0;0;€ 0,00;€ 0,00
2019-12-10;2019-12-10;Not grouped;EUR;Lazy Zola Automated;Lazy Zola Toothbrush;*;-;b07c6dq4sg;1;1;100,0000%;€ 0,29;€ 0,29;€ 0,00;;0,00;0;0;0,0000%;0;0;€ 0,00;€ 0,00
2019-11-08;2019-11-08;Not grouped;EUR;Lazy Zola Automated;Lazy Zola Toothbrush;*;-;b07fgdzsx9;40;2;5,0000%;€ 0,94;€ 1,87;€ 0,00;;0,00;0;0;0,0000%;0;0;€ 0,00;€ 0,00
2019-11-13;2019-11-13;Not grouped;EUR;Lazy Zola Automated;Lazy Zola Toothbrush;*;-;b07g954m5q;79;1;1,2658%;€ 1,05;€ 1,05;€ 0,00;;0,00;0;0;0,0000%;0;0;€ 0,00;€ 0,00
2019-11-08;2019-11-09;Not grouped;EUR;Lazy Zola Automated;Lazy Zola Toothbrush;*;-;b07gcjrd78;146;3;2,0548%;€ 0,83;€ 2,50;€ 0,00;;0,00;0;0;0,0000%;0;0;€ 0,00;€ 0,00
2019-11-12;2019-11-12;Not grouped;EUR;Lazy Zola Automated;Lazy Zola Toothbrush;*;-;b07gxbrtqc;8;1;12,5000%;€ 0,66;€ 0,66;€ 0,00;;0,00;0;0;0,0000%;0;0;€ 0,00;€ 0,00
2019-11-08;2019-11-08;Not grouped;EUR;Lazy Zola Automated;Lazy Zola Toothbrush;*;-;b07jvj3wcy;9;1;11,1111%;€ 0,20;€ 0,20;€ 0,00;;0,00;0;0;0,0000%;0;0;€ 0,00;€ 0,00
2019-11-13;2019-11-13;Not grouped;EUR;Lazy Zola Automated;Lazy Zola Toothbrush;*;-;b07mbnwqjq;15;1;6,6667%;€ 1,04;€ 1,04;€ 0,00;;0,00;0;0;0,0000%;0;0;€ 0,00;€ 0,00
2019-11-09;2019-11-19;Not grouped;EUR;Lazy Zola Automated;Lazy Zola Toothbrush;*;-;b07n6dv8yl;997;4;0,4012%;€ 0,75;€ 2,98;€ 0,00;;0,00;0;0;0,0000%;0;0;€ 0,00;€ 0,00
2019-11-08;2019-11-15;Not grouped;EUR;Lazy Zola Automated;Lazy Zola Toothbrush;*;-;b07ql4z2d9;213;6;2,8169%;€ 0,94;€ 5,64;€ 6,71;84,0537%;1,19;1;1;16,6667%;1;0;€ 6,71;€ 0,00
2019-11-06;2019-11-06;Not grouped;EUR;Lazy Zola Automated;Lazy Zola Toothbrush;*;-;b07sczfmtc;5;1;20,0000%;€ 0,83;€ 0,83;€ 0,00;;0,00;0;0;0,0000%;0;0;€ 0,00;€ 0,00
2019-11-13;2019-11-13;Not grouped;EUR;Lazy Zola Automated;Lazy Zola Toothbrush;*;-;b07st1pfms;7;1;14,2857%;€ 1,15;€ 1,15;€ 6,71;17,1386%;5,83;1;1;100,0000%;1;0;€ 6,71;€ 0,00
2019-11-22;2019-11-22;Not grouped;EUR;Lazy Zola Automated;Lazy Zola Toothbrush;*;-;b07tvv646x;4;1;25,0000%;€ 0,40;€ 0,40;€ 0,00;;0,00;0;0;0,0000%;0;0;€ 0,00;€ 0,00
2019-11-13;2019-11-13;Not grouped;EUR;Lazy Zola Automated;Lazy Zola Toothbrush;*;-;b07typ8xzs;87;1;1,1494%;€ 0,78;€ 0,78;€ 0,00;;0,00;0;0;0,0000%;0;0;€ 0,00;€ 0,00
2019-11-13;2019-11-14;Not grouped;EUR;Lazy Zola Automated;Lazy Zola Toothbrush;*;-;b07wx6jlxg;38;2;5,2632%;€ 0,98;€ 1,95;€ 6,71;29,0611%;3,44;1;1;50,0000%;1;0;€ 6,71;€ 0,00
2019-11-07;2019-11-13;Not grouped;EUR;Lazy Zola Automated;Lazy Zola Toothbrush;*;-;b07x61vkmq;78;4;5,1282%;€ 1,00;€ 3,98;€ 16,78;23,7187%;4,22;1;2;25,0000%;2;0;€ 16,78;€ 0,00
2019-11-06;2019-11-12;Not grouped;EUR;Lazy Zola Automated;Lazy Zola Toothbrush;*;-;b07xgjcdlz;28;2;7,1429%;€ 0,69;€ 1,37;€ 0,00;;0,00;0;0;0,0000%;0;0;€ 0,00;€ 0,00
2019-11-11;2019-11-11;Not grouped;EUR;Lazy Zola Automated;Lazy Zola Toothbrush;*;-;b07xqfhftw;105;1;0,9524%;€ 0,67;€ 0,67;€ 0,00;;0,00;0;0;0,0000%;0;0;€ 0,00;€ 0,00
2019-11-02;2019-12-10;Not grouped;EUR;Lazy Zola Automated;Lazy Zola Toothbrush;*;-;bambus zahnbürste;195;4;2,0513%;€ 0,93;€ 3,73;€ 0,00;;0,00;0;0;0,0000%;0;0;€ 0,00;€ 0,00
2019-11-01;2019-12-12;Not grouped;EUR;Lazy Zola Automated;Lazy Zola Toothbrush;*;-;bambus zahnbürsten;4300;27;0,6279%;€ 0,71;€ 19,07;€ 17,13;111,3252%;0,90;2;2;7,4074%;2;0;€ 17,13;€ 0,00
2019-11-09;2019-11-09;Not grouped;EUR;Lazy Zola Automated;Lazy Zola Toothbrush;*;-;bambus zahnbürsten mittel;16;2;12,5000%;€ 0,95;€ 1,89;€ 6,71;28,1669%;3,55;1;1;50,0000%;1;0;€ 6,71;€ 0,00
2019-11-05;2019-12-13;Not grouped;EUR;Lazy Zola Automated;Lazy Zola Toothbrush;*;-;bambus-zahnbürste;89;3;3,3708%;€ 0,65;€ 1,94;€ 7,14;27,1709%;3,68;1;1;33,3333%;1;0;€ 7,14;€ 0,00
2019-11-02;2019-12-13;Not grouped;EUR;Lazy Zola Automated;Lazy Zola Toothbrush;*;-;holz zahnbürsten;220;19;8,6364%;€ 0,71;€ 13,51;€ 21,42;63,0719%;1,59;3;3;15,7895%;3;0;€ 21,42;€ 0,00
2019-11-06;2019-11-09;Not grouped;EUR;Lazy Zola Automated;Lazy Zola Toothbrush;*;-;holzzahnbürste;187;4;2,1390%;€ 1,06;€ 4,22;€ 6,71;62,8912%;1,59;1;1;25,0000%;1;0;€ 6,71;€ 0,00
2019-11-03;2019-12-11;Not grouped;EUR;Lazy Zola Automated;Lazy Zola Toothbrush;*;-;lazy zola;24;10;41,6667%;€ 0,26;€ 2,62;€ 15,10;17,3510%;5,76;2;2;20,0000%;2;0;€ 15,10;€ 0,00
2019-11-05;2019-12-10;Not grouped;EUR;Lazy Zola Automated;Lazy Zola Toothbrush;*;-;lazy zola zahnbürste;9;7;77,7778%;€ 0,19;€ 1,36;€ 0,00;;0,00;0;0;0,0000%;0;0;€ 0,00;€ 0,00
2019-11-07;2019-12-12;Not grouped;EUR;Lazy Zola Automated;Lazy Zola Toothbrush;*;-;nachhaltige zahnbürste;30;4;13,3333%;€ 0,63;€ 2,53;€ 0,00;;0,00;0;0;0,0000%;0;0;€ 0,00;€ 0,00
2019-12-08;2019-12-08;Not grouped;EUR;Lazy Zola Automated;Lazy Zola Toothbrush;*;-;nachhaltige zahnbürste weich;2;1;50,0000%;€ 0,42;€ 0,42;€ 7,14;5,8824%;17,00;1;1;100,0000%;1;0;€ 7,14;€ 0,00
2019-12-13;2019-12-13;Not grouped;EUR;Lazy Zola Automated;Lazy Zola Toothbrush;*;-;nachhaltige zahnbürsten;2;1;50,0000%;€ 0,86;€ 0,86;€ 7,14;12,0448%;8,30;1;1;100,0000%;1;0;€ 7,14;€ 0,00
2019-11-03;2019-11-03;Not grouped;EUR;Lazy Zola Automated;Lazy Zola Toothbrush;*;-;vegan zahnbürste;11;1;9,0909%;€ 0,78;€ 0,78;€ 0,00;;0,00;0;0;0,0000%;0;0;€ 0,00;€ 0,00
2019-11-11;2019-11-28;Not grouped;EUR;Lazy Zola Automated;Lazy Zola Toothbrush;*;-;weiche zahnbürste;10;2;20,0000%;€ 0,39;€ 0,78;€ 12,58;6,2003%;16,13;2;2;100,0000%;2;0;€ 12,58;€ 0,00
2019-12-11;2019-12-11;Not grouped;EUR;Lazy Zola Automated;Lazy Zola Toothbrush;*;-;weiche zahnbürste bambus;3;1;33,3333%;€ 0,85;€ 0,85;€ 0,00;;0,00;0;0;0,0000%;0;0;€ 0,00;€ 0,00
2019-11-20;2019-12-04;Not grouped;EUR;Lazy Zola Automated;Lazy Zola Toothbrush;*;-;zahnbürste aktivkohle;14;3;21,4286%;€ 0,51;€ 1,53;€ 8,39;18,2360%;5,48;1;1;33,3333%;1;0;€ 8,39;€ 0,00
2019-12-11;2019-12-11;Not grouped;EUR;Lazy Zola Automated;Lazy Zola Toothbrush;*;-;zahnbürste aktivkohle weich;1;1;100,0000%;€ 0,60;€ 0,60;€ 7,14;8,4034%;11,90;1;1;100,0000%;1;0;€ 7,14;€ 0,00
2019-11-02;2019-12-11;Not grouped;EUR;Lazy Zola Automated;Lazy Zola Toothbrush;*;-;zahnbürste bambus;465;10;2,1505%;€ 1,00;€ 10,04;€ 15,53;64,6491%;1,55;2;2;20,0000%;2;0;€ 15,53;€ 0,00
2019-11-08;2019-11-08;Not grouped;EUR;Lazy Zola Automated;Lazy Zola Toothbrush;*;-;zahnbürste borsten;1;1;100,0000%;€ 0,81;€ 0,81;€ 0,00;;0,00;0;0;0,0000%;0;0;€ 0,00;€ 0,00
2019-11-15;2019-11-15;Not grouped;EUR;Lazy Zola Automated;Lazy Zola Toothbrush;*;-;zahnbürste für aktivkohle;2;1;50,0000%;€ 0,64;€ 0,64;€ 0,00;;0,00;0;0;0,0000%;0;0;€ 0,00;€ 0,00
2019-11-02;2019-12-13;Not grouped;EUR;Lazy Zola Automated;Lazy Zola Toothbrush;*;-;zahnbürste holz;751;27;3,5952%;€ 0,78;€ 21,07;€ 28,54;73,8262%;1,35;4;4;14,8148%;4;0;€ 28,54;€ 0,00
2019-11-03;2019-12-10;Not grouped;EUR;Lazy Zola Automated;Lazy Zola Toothbrush;*;-;zahnbürste nachhaltig;44;7;15,9091%;€ 0,58;€ 4,09;€ 20,97;19,5041%;5,13;3;3;42,8571%;3;0;€ 20,97;€ 0,00
2019-12-11;2019-12-11;Not grouped;EUR;Lazy Zola Automated;Lazy Zola Toothbrush;*;-;zahnbürste nachhaltig vegan;2;1;50,0000%;€ 0,82;€ 0,82;€ 0,00;;0,00;0;0;0,0000%;0;0;€ 0,00;€ 0,00
2019-11-23;2019-11-23;Not grouped;EUR;Lazy Zola Automated;Lazy Zola Toothbrush;*;-;zahnbürste vegan;5;1;20,0000%;€ 0,72;€ 0,72;€ 5,87;12,2658%;8,15;1;1;100,0000%;1;0;€ 5,87;€ 0,00
2019-11-11;2019-12-10;Not grouped;EUR;Lazy Zola Automated;Lazy Zola Toothbrush;*;-;zahnbürste weich;212;11;5,1887%;€ 0,55;€ 6,00;€ 11,74;51,1073%;1,96;2;2;18,1818%;2;0;€ 11,74;€ 0,00
2019-11-20;2019-11-20;Not grouped;EUR;Lazy Zola Automated;Lazy Zola Toothbrush;*;-;zahnbürste weiche borsten;1;1;100,0000%;€ 0,68;€ 0,68;€ 6,71;10,1341%;9,87;1;1;100,0000%;1;0;€ 6,71;€ 0,00
2019-11-02;2019-12-10;Not grouped;EUR;Lazy Zola Automated;Lazy Zola Toothbrush;*;-;zahnbürsten bambus;22;3;13,6364%;€ 1,16;€ 3,49;€ 7,14;48,8796%;2,05;1;1;33,3333%;1;0;€ 7,14;€ 0,00
2019-11-02;2019-12-13;Not grouped;EUR;Lazy Zola Automated;Lazy Zola Toothbrush;*;-;zahnbürsten holz;30;4;13,3333%;€ 0,77;€ 3,07;€ 5,87;52,2998%;1,91;1;1;25,0000%;1;0;€ 5,87;€ 0,00
2019-11-03;2019-11-03;Not grouped;EUR;Lazy Zola Automated;Lazy Zola Toothbrush;*;-;zahnbürsten in holz;6;1;16,6667%;€ 0,38;€ 0,38;€ 0,00;;0,00;0;0;0,0000%;0;0;€ 0,00;€ 0,00
2019-12-09;2019-12-09;Not grouped;EUR;Lazy Zola Automated;Lazy Zola Toothbrush;*;-;zahnbürsten nachhaltig;1;1;100,0000%;€ 0,49;€ 0,49;€ 0,00;;0,00;0;0;0,0000%;0;0;€ 0,00;€ 0,00
2019-11-04;2019-11-04;Not grouped;EUR;Lazy Zola Automated;Lazy Zola Toothbrush;*;-;zahnbürsten vegan;3;1;33,3333%;€ 0,51;€ 0,51;€ 0,00;;0,00;0;0;0,0000%;0;0;€ 0,00;€ 0,00
2019-11-16;2019-11-28;Not grouped;EUR;Lazy Zola Automated;Lazy Zola Toothbrush;*;-;zahnbürsten weich;13;2;15,3846%;€ 0,54;€ 1,07;€ 12,58;8,5056%;11,76;2;2;100,0000%;2;0;€ 12,58;€ 0,00